Sku,ProductName,Price,Seller,AdType
811,Máscara Nano Restauradora 30g Íntima Beauty - Flér,78,LANCOSMETICOS,Anuncio Premium
762,Melano Fluid Fluido Multiclareador Para Melasma Biomarine,171,COSMOBIOBR,Anuncio Premium
735,Hyaluronic Hyalu Fluid 11 Serúm Reparador 30ml Biomarine,138,JESSICAGOVONIAL,Anuncio Premium
808,Máscara Calmante Facial Flér Apple Skin 200g,78,LABICOSMETICOS,Anuncio Premium
69,Creme Esfoliante Corporal Flér Spa Neutral Therapy 1kg,62,Olist,Anuncio Premium
785,Bebida Funcional Coffee Max 220g Biomarine,95,JESSICAGOVONIAL,Anuncio Premium
47,Creme Flér Revival System Máscara Facial Rubi 220g,99,B.C COSMETICOS,Anuncio Premium
788,Creme Facial Emoliente Flér Apple Skin de 200g,78,CYCLE LTCOSMÉTICOS,Anuncio Premium
800,Máscara Calmante Facial Flér Apple Skin 200g,78,LABICOSMETICOS,Anuncio Premium
859,Biomarine Sun Marine Fps 50 - Protetor Solar Em Spray 200ml,83,B.C COSMETICOS,Anuncio Premium
622,Biomarine Medical Rennova Lips Balm Esfoliante Labial 15g,42,B.C COSMETICOS,Anuncio Premium
623,Lip Shine Gloss Estimulador De Volume Labial 15g Bm,65,B.C COSMETICOS,Anuncio Premium
919,Lakma Loção Tônica Facial Adstringente 200ml Com Nano Acnol,38,B.C COSMETICOS,Anuncio Premium
661,Protetor Solar Blur Filler Fps98 Bege 50g Biomarine,152,B.C COSMETICOS,Anuncio Premium
970,Máscara Menta Therapy Refrescante 250g - Apse Vegano,39,B.C COSMETICOS,Anuncio Premium
95,POWER 6C SÉRUM VITAMINA C RENOVAÇÃO BINOMIA 50g FLER,176,CYCLE LTCOSMÉTICOS,Anuncio Premium
830,Creme Flér Revival System Máscara Facial Quartzo Verde - Café 220g,139,CYCLE LTCOSMÉTICOS,Anuncio Premium
944,Máscara Umectante Nutritiva Vegano Crespo Power 300g,36,DADA20230530161348,Anuncio Premium
807,Loção Desincrustante Facial Flér Apple Skin 200ml,50,B.C COSMETICOS,Anuncio Premium
810,Kit Profissional Clareamento Flér Intima Beauty - 2 Produtos,250,ALTERNATIVA BELEZA,Anuncio Premium
796,Sérum Firmador Flér Intima Beauty 30ml,74,B.C COSMETICOS,Anuncio Premium
624,Biomarine Medical Balm Care Hidratante Labial 5g,51,BULL BUY,Anuncio Premium
946,Apse Crespo Power Mousse Hidratante 210 Ml,51,JUSSARAPEREIRADOCOUTOSILVA,Anuncio Premium
913,Lakma Fluido Revitalizante Facial 3 50ml - Estimula Colágeno,54,VIX.DISTRIBUIDORA,Anuncio Premium
434,Sun Marine Duo Bronze Fps15 Bronzeador 200ml Biomarine,65,B.C COSMETICOS,Anuncio Premium
272,Rever C Sabonete Mousse Antioxidante 147ml Biomarine,74,B.C COSMETICOS,Anuncio Premium
861,Gel Crioativo Corporal Flér Cryo Intensive 1kg,145,Olist,Anuncio Premium
945,Creme De Pentear Nutritivo Crespo Power Vegano Apse 500g,39,COSMÉTICOSÔMEGA20230223165033,Anuncio Premium
982,Apse Crespo Power Condicionador 1 Litro - Acidificante,96,Olist,Anuncio Premium
1323,Bb Cream Hair Fresh 200ml Apse,35,B.C COSMETICOS,Anuncio Premium
794,Emulsão De Limpeza Facial Apple Skin Flér,101,BELEZA 10,Anuncio Premium
706,Esfoliante Químico Noite In Cell Woman Biomarine,99,B.C COSMETICOS,Anuncio Premium
873,Biomarine Biopeeling - Sérum Anti-idade Clareador 30g,128,COSMOBIOBR,Anuncio Premium
975,Apse Africa Baobá Gelatina 300 Ml,40,B.C COSMETICOS,Anuncio Premium
976,Apse Africa Baobá Shampoo 300 Ml,31,B.C COSMETICOS,Anuncio Premium
910,Emulsão P/ Massagem Facial Pré E Pós Operatório Masso Divine,56,B.C COSMETICOS,Anuncio Premium
626,Biomarine Sabonete Facial Hyaluronic Cleanser 100ml,135,B.C COSMETICOS,Anuncio Premium
845,Clareador Acqua Diamond Booster Noturno Biomarine,110,B.C COSMETICOS,Anuncio Premium
640,Biomarine Clareador Facial Proteção Solar Fps35 25g,125,B.C COSMETICOS,Anuncio Premium
492,Dermalift Maxgenix Dmae Creme Firmeza Flacidez Rosto Pescoço,179,B.C COSMETICOS,Anuncio Premium
1333,Máscara Capilar Cachos 2x1 450g Hidra Finalizador Arvensis,80,B.C COSMETICOS,Anuncio Premium
929,Mascara Clareadora Majestic Diamond Jóia Rara 150gr Lakma,115,BELEZA 10,Anuncio Premium
621,Zero B. Água Micelar Pré Procedimento 200ml Bm,76,B.C COSMETICOS,Anuncio Premium
835,Biomarine Água Micelar Hyaluronic Limpeza Facial,64,BELEZAMLSHOP,Anuncio Premium
60,Sabonete Secativo Biomarine Control Derm A5 80g Anti Acne,40,B.C COSMETICOS,Anuncio Premium
942,Co Wash Limpeza Suave Vegano Crespo Power Apse 300ml,25,FLORDETANGERINA COSMETICOS,Anuncio Premium
940,Shampoo Crespo Power Hidratação Intensa 300ml - Apse Vegano,45,B.C COSMETICOS,Anuncio Premium
949,Condicionador Cachos Vegano Nutritivo Apse 300ml,33,LOJA NIALE,Anuncio Premium
951,Máscara Cachos Hidratante Nutritiva 300g - Apse Vegano,31,LOJA NIALE,Anuncio Premium
985,Shampoo Apse Bio Complex - Reconstrução,40,B.C COSMETICOS,Anuncio Premium
966,Apse Blond Treaty Shampoo Hidratante 300 Ml,40,B.C COSMETICOS,Anuncio Premium
846,Biomarine Body Lift Firmeness Effective 200ml,119,LARA_OLIVI,Anuncio Premium
764,Melano Defense - Clareador E Protetor Fps90 50g Biomarine,132,MEGA QUEEN,Anuncio Premium
279,Sun Marine Fps30 Sun Crean 150ml Biomarine,78,BANANA MIX,Anuncio Premium
891,Hidratante Facial Biomarine Hyaluronic Stick Acqua 12g,118,JESSICAGOVONIAL,Anuncio Premium
979,Ativador E Modelador Anti-frizz Cachos 1l - Apse Vegano,78,BELOS PESCOSMETICOS,Anuncio Premium
839,Protetor Solar Sun Marine Fluido Acqua Fps75 50ml Biomarine,91,COSMOBIOBR,Anuncio Premium
644,Sun Marine Fps40 Controlador De Oleosidade 50g Biomarine,77,JESSICAGOVONIAL,Anuncio Premium
